{
  "consumers" : [ {
    "id" : 0,
    "isBankrupt" : false,
    "budget" : 108
  }, {
    "id" : 1,
    "isBankrupt" : false,
    "budget" : 158
  }, {
    "id" : 2,
    "isBankrupt" : true,
    "budget" : 20
  }, {
    "id" : 3,
    "isBankrupt" : false,
    "budget" : 34
  } ],
  "distributors" : [ {
    "id" : 0,
    "budget" : 284,
    "isBankrupt" : false,
    "contracts" : [ {
      "consumerId" : 3,
      "price" : 33,
      "remainedContractMonths" : 0
    }, {
      "consumerId" : 0,
      "price" : 28,
      "remainedContractMonths" : 1
    }, {
      "consumerId" : 1,
      "price" : 28,
      "remainedContractMonths" : 1
    } ]
  }, {
    "id" : 1,
    "budget" : 40,
    "isBankrupt" : false,
    "contracts" : [ ]
  } ]
}