{
  "consumers" : [ {
    "id" : 0,
    "isBankrupt" : true,
    "budget" : 20
  }, {
    "id" : 1,
    "isBankrupt" : false,
    "budget" : 279
  }, {
    "id" : 2,
    "isBankrupt" : false,
    "budget" : 803
  }, {
    "id" : 3,
    "isBankrupt" : false,
    "budget" : 771
  }, {
    "id" : 4,
    "isBankrupt" : true,
    "budget" : 40
  }, {
    "id" : 5,
    "isBankrupt" : true,
    "budget" : 16
  }, {
    "id" : 6,
    "isBankrupt" : true,
    "budget" : 55
  }, {
    "id" : 7,
    "isBankrupt" : false,
    "budget" : 378
  }, {
    "id" : 8,
    "isBankrupt" : false,
    "budget" : 695
  }, {
    "id" : 9,
    "isBankrupt" : true,
    "budget" : 12
  }, {
    "id" : 10,
    "isBankrupt" : true,
    "budget" : 75
  }, {
    "id" : 11,
    "isBankrupt" : true,
    "budget" : 52
  }, {
    "id" : 12,
    "isBankrupt" : false,
    "budget" : 1358
  }, {
    "id" : 13,
    "isBankrupt" : false,
    "budget" : 1438
  }, {
    "id" : 14,
    "isBankrupt" : false,
    "budget" : 382
  }, {
    "id" : 15,
    "isBankrupt" : true,
    "budget" : 59
  }, {
    "id" : 16,
    "isBankrupt" : false,
    "budget" : 439
  }, {
    "id" : 17,
    "isBankrupt" : true,
    "budget" : 54
  }, {
    "id" : 18,
    "isBankrupt" : false,
    "budget" : 324
  }, {
    "id" : 19,
    "isBankrupt" : false,
    "budget" : 643
  }, {
    "id" : 20,
    "isBankrupt" : true,
    "budget" : 42
  }, {
    "id" : 21,
    "isBankrupt" : true,
    "budget" : 44
  }, {
    "id" : 22,
    "isBankrupt" : true,
    "budget" : 47
  }, {
    "id" : 23,
    "isBankrupt" : true,
    "budget" : 17
  }, {
    "id" : 24,
    "isBankrupt" : false,
    "budget" : 857
  }, {
    "id" : 25,
    "isBankrupt" : false,
    "budget" : 772
  }, {
    "id" : 26,
    "isBankrupt" : true,
    "budget" : 61
  }, {
    "id" : 27,
    "isBankrupt" : true,
    "budget" : 41
  }, {
    "id" : 28,
    "isBankrupt" : true,
    "budget" : 36
  }, {
    "id" : 29,
    "isBankrupt" : true,
    "budget" : 50
  }, {
    "id" : 30,
    "isBankrupt" : true,
    "budget" : 88
  }, {
    "id" : 31,
    "isBankrupt" : true,
    "budget" : 67
  }, {
    "id" : 32,
    "isBankrupt" : true,
    "budget" : 30
  }, {
    "id" : 33,
    "isBankrupt" : true,
    "budget" : 50
  }, {
    "id" : 34,
    "isBankrupt" : true,
    "budget" : 20
  }, {
    "id" : 35,
    "isBankrupt" : true,
    "budget" : 30
  }, {
    "id" : 36,
    "isBankrupt" : false,
    "budget" : 7
  }, {
    "id" : 37,
    "isBankrupt" : false,
    "budget" : 332
  }, {
    "id" : 38,
    "isBankrupt" : false,
    "budget" : 22
  }, {
    "id" : 39,
    "isBankrupt" : false,
    "budget" : 262
  }, {
    "id" : 40,
    "isBankrupt" : true,
    "budget" : 21
  }, {
    "id" : 41,
    "isBankrupt" : false,
    "budget" : 172
  }, {
    "id" : 42,
    "isBankrupt" : false,
    "budget" : 754
  }, {
    "id" : 43,
    "isBankrupt" : false,
    "budget" : 294
  }, {
    "id" : 44,
    "isBankrupt" : false,
    "budget" : 104
  }, {
    "id" : 45,
    "isBankrupt" : false,
    "budget" : 234
  }, {
    "id" : 46,
    "isBankrupt" : false,
    "budget" : 99
  }, {
    "id" : 47,
    "isBankrupt" : true,
    "budget" : 29
  }, {
    "id" : 48,
    "isBankrupt" : true,
    "budget" : 31
  }, {
    "id" : 49,
    "isBankrupt" : true,
    "budget" : 12
  }, {
    "id" : 50,
    "isBankrupt" : false,
    "budget" : 21
  }, {
    "id" : 51,
    "isBankrupt" : false,
    "budget" : 41
  }, {
    "id" : 52,
    "isBankrupt" : true,
    "budget" : 28
  }, {
    "id" : 53,
    "isBankrupt" : false,
    "budget" : 88
  }, {
    "id" : 54,
    "isBankrupt" : false,
    "budget" : 133
  }, {
    "id" : 55,
    "isBankrupt" : true,
    "budget" : 20
  }, {
    "id" : 56,
    "isBankrupt" : false,
    "budget" : 5
  } ],
  "distributors" : [ {
    "id" : 0,
    "budget" : -14,
    "isBankrupt" : true,
    "contracts" : [ ]
  }, {
    "id" : 1,
    "budget" : -20,
    "isBankrupt" : true,
    "contracts" : [ ]
  }, {
    "id" : 2,
    "budget" : 1725,
    "isBankrupt" : false,
    "contracts" : [ {
      "consumerId" : 2,
      "price" : 25,
      "remainedContractMonths" : 0
    }, {
      "consumerId" : 12,
      "price" : 25,
      "remainedContractMonths" : 0
    }, {
      "consumerId" : 13,
      "price" : 25,
      "remainedContractMonths" : 0
    }, {
      "consumerId" : 38,
      "price" : 25,
      "remainedContractMonths" : 0
    }, {
      "consumerId" : 42,
      "price" : 25,
      "remainedContractMonths" : 0
    }, {
      "consumerId" : 50,
      "price" : 25,
      "remainedContractMonths" : 0
    }, {
      "consumerId" : 7,
      "price" : 25,
      "remainedContractMonths" : 1
    }, {
      "consumerId" : 16,
      "price" : 25,
      "remainedContractMonths" : 1
    }, {
      "consumerId" : 18,
      "price" : 25,
      "remainedContractMonths" : 1
    }, {
      "consumerId" : 19,
      "price" : 25,
      "remainedContractMonths" : 1
    }, {
      "consumerId" : 24,
      "price" : 25,
      "remainedContractMonths" : 1
    }, {
      "consumerId" : 25,
      "price" : 25,
      "remainedContractMonths" : 1
    }, {
      "consumerId" : 36,
      "price" : 25,
      "remainedContractMonths" : 1
    }, {
      "consumerId" : 37,
      "price" : 25,
      "remainedContractMonths" : 1
    }, {
      "consumerId" : 39,
      "price" : 25,
      "remainedContractMonths" : 1
    }, {
      "consumerId" : 41,
      "price" : 25,
      "remainedContractMonths" : 1
    }, {
      "consumerId" : 43,
      "price" : 25,
      "remainedContractMonths" : 1
    }, {
      "consumerId" : 44,
      "price" : 25,
      "remainedContractMonths" : 1
    }, {
      "consumerId" : 51,
      "price" : 25,
      "remainedContractMonths" : 1
    }, {
      "consumerId" : 53,
      "price" : 25,
      "remainedContractMonths" : 1
    }, {
      "consumerId" : 56,
      "price" : 25,
      "remainedContractMonths" : 1
    }, {
      "consumerId" : 1,
      "price" : 25,
      "remainedContractMonths" : 2
    }, {
      "consumerId" : 3,
      "price" : 25,
      "remainedContractMonths" : 2
    }, {
      "consumerId" : 8,
      "price" : 25,
      "remainedContractMonths" : 2
    }, {
      "consumerId" : 14,
      "price" : 25,
      "remainedContractMonths" : 2
    }, {
      "consumerId" : 45,
      "price" : 25,
      "remainedContractMonths" : 2
    }, {
      "consumerId" : 46,
      "price" : 25,
      "remainedContractMonths" : 2
    }, {
      "consumerId" : 54,
      "price" : 25,
      "remainedContractMonths" : 2
    } ]
  }, {
    "id" : 3,
    "budget" : -10,
    "isBankrupt" : true,
    "contracts" : [ ]
  }, {
    "id" : 4,
    "budget" : -15,
    "isBankrupt" : true,
    "contracts" : [ ]
  }, {
    "id" : 5,
    "budget" : -20,
    "isBankrupt" : true,
    "contracts" : [ ]
  }, {
    "id" : 6,
    "budget" : -15,
    "isBankrupt" : true,
    "contracts" : [ ]
  } ]
}