{
  "consumers" : [ {
    "id" : 0,
    "isBankrupt" : false,
    "budget" : 171
  }, {
    "id" : 1,
    "isBankrupt" : false,
    "budget" : 241
  }, {
    "id" : 2,
    "isBankrupt" : false,
    "budget" : 222
  } ],
  "distributors" : [ {
    "id" : 0,
    "budget" : 348,
    "isBankrupt" : false,
    "contracts" : [ {
      "consumerId" : 2,
      "price" : 9,
      "remainedContractMonths" : 0
    }, {
      "consumerId" : 0,
      "price" : 9,
      "remainedContractMonths" : 1
    }, {
      "consumerId" : 1,
      "price" : 9,
      "remainedContractMonths" : 1
    } ]
  }, {
    "id" : 1,
    "budget" : 40,
    "isBankrupt" : false,
    "contracts" : [ ]
  }, {
    "id" : 2,
    "budget" : 190,
    "isBankrupt" : false,
    "contracts" : [ ]
  }, {
    "id" : 3,
    "budget" : 75,
    "isBankrupt" : false,
    "contracts" : [ ]
  } ]
}