{
  "consumers" : [ {
    "id" : 0,
    "isBankrupt" : false,
    "budget" : 243
  }, {
    "id" : 1,
    "isBankrupt" : false,
    "budget" : 288
  } ],
  "distributors" : [ {
    "id" : 0,
    "budget" : 244,
    "isBankrupt" : false,
    "contracts" : [ {
      "consumerId" : 0,
      "price" : 17,
      "remainedContractMonths" : 0
    }, {
      "consumerId" : 1,
      "price" : 17,
      "remainedContractMonths" : 0
    } ]
  }, {
    "id" : 1,
    "budget" : -5,
    "isBankrupt" : true,
    "contracts" : [ ]
  } ]
}